-- Dữ liệu mẫu cho bảng users
INSERT INTO users (username, password, fullName, address, phone, dob, gender, identifyCard) VALUES
('admin', 'admin', 'admin', 'Ha Noi', '0901234567', '1990-01-01', 1, '123498765'),
('user1', 'password1', 'Nguyen Van A', 'Ha Noi', '0900123456', '1990-01-01', 1, '123456789'),
('user2', 'password2', 'Nguyen Van B', 'Ho Chi Minh', '0900654321', '1992-02-02', 0, '987654321'),
('user3', 'password3', 'Tran Thi A', 'Ho Chi Minh', '0900654322', '1993-03-03', 0, '876543210'),
('user4', 'password4', 'Tran Thi B', 'Da Nang', '0900654323', '1994-04-04', 0, '765432109'),
('user5', 'password5', 'Nguyen Van C', 'Can Tho', '0900654324', '1990-05-05', 1, '654321098'),
('user6', 'password6', 'Tran Van D', 'Hai Phong', '0900654325', '1991-06-06', 1, '543210987'),
('user7', 'password7', 'Le Thi E', 'Nha Trang', '0900654326', '1992-07-07', 0, '432109876'),
('user8', 'password8', 'Pham Van F', 'Hue', '0900654327', '1993-08-08', 1, '321098765');

-- Dữ liệu mẫu cho bảng employee
INSERT INTO employee (role, username) VALUES
('admin', 'admin'),
('Tài xế', 'user2'),
('Hướng dẫn viên', 'user5'),
('Tài xế', 'user6'),
('Hướng dẫn viên', 'user7'),
('Tài xế', 'user8');

-- Dữ liệu mẫu cho bảng customer
INSERT INTO customer (username) VALUES
('user3'),
('user4');

-- Dữ liệu mẫu cho bảng tourpackage
INSERT INTO tourpackage (packageName, startingPoint, endPoint, description) VALUES
('Gói 1', 'Ha Noi', 'Da Nang', 'Tham quan Đà Nẵng'),
('Gói 2', 'Ho Chi Minh', 'Nha Trang', 'Tham quan Nha Trang');

-- Dữ liệu mẫu cho bảng vehicle
INSERT INTO vehicle (vehicleName) VALUES
('Xe 16 chỗ'),
('Xe 45 chỗ');

-- Dữ liệu mẫu cho bảng tour
INSERT INTO `tour` (`tourCode`, `tourName`, `tourImage`, `startDate`, `price`, `description`, `employeeCode`, `vehicleCode`, `tourPackageCode`, `endDate`) VALUES
(1, 'Tour Đà Nẵng', '../../asset/images/tours/cau-vang-da-nang.png', '2024-01-10 08:00:00', 5000000, 'Du lịch Đà Nẵng Tết Nguyên Đán - Ba Nà - Hội An từ Sài Gòn 2025.  Tết Nguyên Đán là thời điểm tuyệt vời để khám phá Đà Nẵng, một trong những thành phố đáng sống nhất Việt Nam. Chuyến du lịch từ Sài Gòn đến Đà Nẵng trong dịp Tết không chỉ mang đến cho bạn cơ hội tận hưởng không khí lễ hội mà còn khám phá vẻ đẹp của Bà Nà Hills và Hội An.', 1, 1, 1, '2024-01-15 18:00:00'),
(2, 'Tour Nha Trang', '../../asset/images/tours/lagi.jpg', '2024-02-20 08:00:00', 6000000, 'Du lịch Nha Trang - Tết Âm lịch là dịp tuyệt vời để bạn và gia đình có một chuyến du lịch kết hợp nghỉ dưỡng tại thành phố biển Nha Trang xinh đẹp. Nha Trang không chỉ nổi tiếng với biển xanh, cát trắng mà còn là điểm đến lý tưởng với nhiều địa danh hấp dẫn. Hành trình khám phá Nha Trang dịp Tết sẽ đưa bạn qua những địa điểm nổi bật như khu vui chơi VinWonders và di tích Tháp Bà Ponagar, kết hợp với trải nghiệm ẩm thực độc đáo và tham quan cảnh đẹp thành phố biển.', 2, 2, 2, '2024-02-25 18:00:00'),
(3, 'Tour Sapa', '../../asset/images/tours/cot-co-lung-cu-ha-giang.png', '2024-01-12 08:00:00', 7000000, 'Du lịch Tây Bắc mùa Xuân - Hà Nội - Mộc Châu - Cầu Kính Bạch Long - Điện Biên - Sapa từ Sài Gòn 2025. Hành trình tuyệt vời khám phá Tây Bắc mùa xuân: ngắm hoa đào nở rộ tại Mộc Châu, thử thách bản thân trên Cầu Kính Bạch Long kỳ vĩ, trải nghiệm không khí lịch sử tại Điện Biên, và đắm mình trong cảnh sắc mờ sương của Sapa. Mỗi điểm đến là một câu chuyện riêng, tạo nên chuyến đi tràn đầy cảm xúc và kỷ niệm khó quên.', 3, 1, 1, '2024-01-17 18:00:00'),
(4, 'Tour Huế', '../../asset/images/tours/chua-nui-mot-con-dao.jpg', '2024-02-22 08:00:00', 4000000, 'Du lịch Đà Nẵng mùa Thu - Hội An - Huế 3N2Đ từ Sài Gòn 2024. Du lịch Đà Nẵng được mệnh danh là ‘’thành phố đáng đến’’ với dòng sông Hàn thơ mộng với cây cầu Rồng biểu tượng của Thành phố biển du lịch Đà Nẵng - nơi mà quý khách có thể cảm nhận được sự pha trộn giữa khí hậu miền Bắc, miền Nam. Ngoài ra Đà Nẵng còn sở hữu nhiều danh lam thắng cảnh làm say lòng người như: Bà Nà Hills, Bán Đảo Sơn Trà, Ngũ Hành Sơn, Đà Nẵng, phố cổ Hội An….', 4, 2, 2, '2024-02-27 18:00:00');

-- Dữ liệu mẫu cho bảng sightseeingspot
INSERT INTO sightseeingspot (spotName, startTime, endTime, description, tourPackageCode, vehicleCode, image) VALUES
('Sun World Fansipan Legend Sapa - Sáng', '09:00:00', '12:00:00', 'Sun World Fansipan Legend Sapa', 1, 1, 'https://res.cloudinary.com/dz96u1u2a/image/upload/v1733936631/image_2024-12-12_000342140_zc9dhz.png'),
('Sun World Fansipan Legend Sapa - Chiều', '13:00:00', '15:00:00', 'Sun World Fansipan Legend Sapa', 1, 1, 'https://res.cloudinary.com/dz96u1u2a/image/upload/v1733936631/image_2024-12-12_000342140_zc9dhz.png'),
('Thánh Địa Mỹ Sơn Đà Nẵng - Sáng', '09:00:00', '12:00:00', 'Địa điểm tôn giáo đầu tiên của người dân tộc Chăm', 1, 1, 'https://res.cloudinary.com/dz96u1u2a/image/upload/v1733937378/image_2024-12-12_001610538_hbusf2.png'),
('Thánh Địa Mỹ Sơn Đà Nẵng - Chiều', '13:00:00', '15:00:00', 'Địa điểm tôn giáo đầu tiên của người dân tộc Chăm', 1, 1, 'https://res.cloudinary.com/dz96u1u2a/image/upload/v1733937378/image_2024-12-12_001610538_hbusf2.png'),
('Hòn Trống Mái - Hạ Long - Sáng', '07:00:00', '09:00:00', 'Kỳ quan thiên nhiên đặc biệt của Vịnh Hạ Long', 2, 2, 'https://res.cloudinary.com/dz96u1u2a/image/upload/v1733936816/image_2024-12-12_000649268_xhd86m.png'),
('Hòn Trống Mái - Hạ Long - Chiều', '15:00:00', '17:00:00', 'Kỳ quan thiên nhiên đặc biệt của Vịnh Hạ Long', 2, 2, 'https://res.cloudinary.com/dz96u1u2a/image/upload/v1733937235/image_2024-12-12_001348294_pa05fm.png'),
('Tam Cốc - Bích Động Ninh Bình - Sáng', '07:00:00', '09:00:00', 'Khung cảnh thiên nhiên yên bình nhờ non xanh, nước biếc và những làng mạc trù phú trong khu danh thắng Tam Cốc - Bích Động', 2, 2, 'https://res.cloudinary.com/dz96u1u2a/image/upload/v1733936988/image_2024-12-12_000939995_fw8eua.png'),
('Tam Cốc - Bích Động Ninh Bình - Chiều', '15:00:00', '17:00:00', 'Khung cảnh thiên nhiên yên bình nhờ non xanh, nước biếc và những làng mạc trù phú trong khu danh thắng Tam Cốc - Bích Động', 2, 2, 'https://res.cloudinary.com/dz96u1u2a/image/upload/v1733936988/image_2024-12-12_000939995_fw8eua.png'),
('Chùa Bái Đính Ninh Bình - Sáng', '09:00:00', '12:00:00', 'Ngôi chùa có diện tích rộng lớn bậc nhất Đông Nam Á này sẽ không làm cho bạn thất vọng bởi độ tráng lệ', 2, 2, 'https://res.cloudinary.com/dz96u1u2a/image/upload/v1733937161/image_2024-12-12_001234709_wmlrpr.png'),
('Chùa Bái Đính Ninh Bình - Chiều', '09:00:00', '12:00:00', 'Ngôi chùa có diện tích rộng lớn bậc nhất Đông Nam Á này sẽ không làm cho bạn thất vọng bởi độ tráng lệ', 2, 2, 'https://res.cloudinary.com/dz96u1u2a/image/upload/v1733937161/image_2024-12-12_001234709_wmlrpr.png'),
('VinWonders Nha Trang - Sáng', '09:00:00', '12:00:00', 'Khu vui chơi, giải trí và là địa điểm sống ảo không thể tuyệt vời hơn cho cả gia đình', 2, 2, 'https://res.cloudinary.com/dz96u1u2a/image/upload/v1733937454/image_2024-12-12_001727034_eknakm.png'),
('VinWonders Nha Trang - Chiều', '09:00:00', '12:00:00', 'Khu vui chơi, giải trí và là địa điểm sống ảo không thể tuyệt vời hơn cho cả gia đình', 2, 2, 'https://res.cloudinary.com/dz96u1u2a/image/upload/v1733937454/image_2024-12-12_001727034_eknakm.png'),
('Hòn Tằm Nha Trang - Sáng', '09:00:00', '12:00:00', 'Dải cát trắng hơn 1000m kết hợp với biển mênh mông màu xanh ngọc bích cùng màu xanh của những dãy núi hùng vĩ', 2, 2, 'https://res.cloudinary.com/dz96u1u2a/image/upload/v1733937603/image_2024-12-12_001956506_pjctgh.png'),
('Hòn Tằm Nha Trang - Chiều', '09:00:00', '12:00:00', 'Dải cát trắng hơn 1000m kết hợp với biển mênh mông màu xanh ngọc bích cùng màu xanh của những dãy núi hùng vĩ', 2, 2, 'https://res.cloudinary.com/dz96u1u2a/image/upload/v1733937603/image_2024-12-12_001956506_pjctgh.png'),
('Vinpearl Safari Phú Quốc - Sáng', '09:00:00', '12:00:00', 'Trải nghiệm khác biệt hoàn toàn so với các sở thú truyền thống khi bạn có thể “mục sở thị” các loài động vật hoang dã bằng cách quan sát chúng từ xe bus', 2, 2, 'https://res.cloudinary.com/dz96u1u2a/image/upload/v1733937706/image_2024-12-12_002139550_o0zmge.png'),
('Vinpearl Safari Phú Quốc - Chiều', '09:00:00', '12:00:00', 'Trải nghiệm khác biệt hoàn toàn so với các sở thú truyền thống khi bạn có thể “mục sở thị” các loài động vật hoang dã bằng cách quan sát chúng từ xe bus', 2, 2, 'https://res.cloudinary.com/dz96u1u2a/image/upload/v1733937603/image_2024-12-12_001956506_pjctgh.png'),
('Công Viên San Hô Nautilus Namaste Phú Quốc - Sáng', '09:00:00', '12:00:00', 'Nơi lưu giữ và bảo tồn các loài san hô với đủ màu sắc và kích thước khác nhau', 2, 2, 'https://res.cloudinary.com/dz96u1u2a/image/upload/v1733937985/image_2024-12-12_002618042_abcfb9.png'),
('Công Viên San Hô Nautilus Namaste Phú Quốc - Chiều', '09:00:00', '12:00:00', 'Nơi lưu giữ và bảo tồn các loài san hô với đủ màu sắc và kích thước khác nhau', 2, 2, 'https://res.cloudinary.com/dz96u1u2a/image/upload/v1733937985/image_2024-12-12_002618042_abcfb9.png'),
('Chợ Nổi Cái Răng Cần Thơ - Sáng', '09:00:00', '12:00:00', 'Nơi giao thương mua bán sôi động của người dân địa phương, với các mặt hàng chủ yếu là trái cây, rau củ, hoa lan và các sản phẩm thủ công mỹ nghệ.', 2, 2, 'https://res.cloudinary.com/dz96u1u2a/image/upload/v1733938210/image_2024-12-12_003003450_kad2dm.png'),
('Vườn Cò Bằng Lăng - Chiều - Chiều', '15:00:00', '17:00:00', 'Các loài cò xuất hiện với hơn 20 loài khác nhau, như: cò rán, cò xanh, cò sen, cò quắm, cò bông,... và một số loài khác như: bồ nông, vạc, bìm bịp, diệc, điên điển tạo nên khung cảnh đẹp và bình yên đến lạ', 2, 2, 'https://res.cloudinary.com/dz96u1u2a/image/upload/v1733938352/image_2024-12-12_003225717_x6va3t.png'),
('Rừng Tràm Trà Sư An Giang - Sáng', '09:00:00', '12:00:00', 'Nơi đây được mệnh danh là "vương quốc tràm" với diện tích hơn 800ha, là nơi sinh sống của hệ sinh thái đa dạng và phong phú', 2, 2, 'https://res.cloudinary.com/dz96u1u2a/image/upload/v1733938078/image_2024-12-12_002751166_naymad.png'),
('Miếu Bà Chúa Xứ Núi Sam Ở An Giang - Chiều', '15:00:00', '17:00:00', 'Miếu Bà Chúa Xứ là một trong những địa điểm tâm linh nổi tiếng nhất An Giang', 2, 2, 'https://res.cloudinary.com/dz96u1u2a/image/upload/v1733938492/image_2024-12-12_003445369_tijzhs.png'),
('Sân Chim Vàm Hồ Bến Tre - Chiều', '15:00:00', '17:00:00', 'Đến đây, bạn sẽ có cơ hội chiêm ngưỡng 84 loài chim khác nhau', 2, 2, 'https://res.cloudinary.com/dz96u1u2a/image/upload/v1733938844/image_2024-12-12_004037548_vprquz.png'),
('Mũi An Giang - Chiều', '15:00:00', '17:00:00', 'Mũi Cà Mau là nơi đặt cột mốc tọa độ GPS 0001 (cây số 0). Cột mốc này mang hình một con tàu no gió, vươn mình ra biển.', 2, 2, 'https://res.cloudinary.com/dz96u1u2a/image/upload/v1733938701/image_2024-12-12_003813515_qmvjzy.png');

INSERT INTO sightseeingspot_tour (tourCode, spotCode) VALUES
(1, 1),
(2, 2);

INSERT INTO tourbookingform (bookingDate, numberOfChildren, numberOfAdults, customerCode, tourCode) VALUES
('2023-12-01 10:00:00', 2, 2, 1, 1),
('2023-12-15 15:00:00', 1, 3, 2, 2),
('2023-12-01 10:00:00', 2, 2, 1, 3),
('2023-12-15 15:00:00', 1, 3, 2, 4);

INSERT INTO detailbookingform (fullName, gender, dob, identifyCard, nationality, formCode) VALUES
('Nguyen Van A', 1, '1990-01-01 00:00:00', '123456789', 'Vietnam', 1),
('Tran Thi B', 0, '1992-02-02 00:00:00', '987654321', 'Vietnam', 2);

INSERT INTO voucher (voucherCode, beginAt, endAt, sale) VALUES
('VOUCHER1', '2023-12-01 00:00:00', '2024-01-01 23:59:59', 10),
('VOUCHER2', '2024-01-01 00:00:00', '2024-02-01 23:59:59', 20);

INSERT INTO bill (numberOfPeople, address, total, status, formCode, voucherCode, createAt) VALUES
(4, 'Ha Noi', 13500000, 'Đã Hủy', 1, 'VOUCHER1', '2024-01-01 00:00:00'),
(3, 'Da Nang', 9600000, 'Hoàn Thành', 2, 'VOUCHER2', '2024-02-01 00:00:00');

INSERT INTO evaluate (content, star, customerCode, tourCode, billCode) VALUES
('Tuyệt vời!', 5, 1, 1, 1),
('Không hài lòng lắm', 2, 2, 2, 2);

INSERT INTO notify (customerCode, message, title, created_at) VALUES
(1, 'Your tour is confirmed.', 'Tour Confirmation', '2024-01-01 10:00:00');

INSERT INTO `tourplan` (`tourplanCode`, `tourPlan1`, `tourPlan2`, `tourPlan3`, `tourPlan4`, `tourCode`) VALUES
(1, '<b>NGÀY 1 | TP.HCM – HUẾ – ĐẠI NỘI – CHÙA THIÊN MỤ (Ăn trưa, chiều)</b><br>\r\n\r\n<b>Sáng</b>: Quý khách có mặt tại ga quốc nội, sân bay Tân Sơn Nhất ít nhất ba tiếng trước giờ bay.<br>\r\n\r\nĐại diện công ty Du Lịch Việt đón và hỗ trợ Quý khách làm thủ tục lên chuyến bay đi Huế.<br>\r\n\r\nĐến sân bay Phú Bài, hướng dẫn viên đón đoàn và đưa đi tham quan <b>Lăng Khải Định</b> (Ứng Lăng), nơi an nghỉ của vua Khải Định – vị vua thứ 12 của triều Nguyễn. Lăng được biết đến với kiến trúc độc đáo, sự kết hợp giữa phong cách Đông - Tây, cổ - kim, và những tác phẩm nghệ thuật bằng gốm sứ đầy ấn tượng.<br><br>\r\n\r\n<b>Trưa</b>: Quý khách dùng bữa trưa tại nhà hàng.<br>\r\n\r\nTiếp tục tham quan <b>Đại Nội</b> – Hoàng Thành, nơi 13 vị vua triều Nguyễn từng cai trị. Quý khách sẽ được chiêm ngưỡng hơn 100 công trình kiến trúc nổi bật như Ngọ Môn, Điện Thái Hòa, Tử Cấm Thành, Thế Miếu, Hiển Lâm Các, Cửu Đỉnh...<br>\r\n\r\nSau đó, tham quan <b>Chùa Thiên Mụ</b>, ngôi chùa cổ kính nhất của Cố đô Huế, gắn liền với lịch sử và văn hóa của vùng đất này.<br><br>\r\n\r\n<b>Chiều</b>: Quý khách dùng cơm chiều tại nhà hàng. Nghỉ đêm tại Huế.<br>\r\n\r\nQuý khách có thể tham gia chương trình tự túc trên sông Hương, thưởng thức âm nhạc <b>Ca Huế</b>, ngắm cảnh thơ mộng và nghe những bài ca ngọt ngào từ những cô gái Huế (chi phí tự túc).<br>', '<b>NGÀY 2 | HUẾ – QUẢNG BÌNH – ĐỘNG PHONG NHA (Ăn sáng, trưa, chiều)</b><br>\r\n\r\n<b>Sáng</b>: Dùng buffet sáng tại khách sạn.<br>\r\nKhởi hành đến Quảng Bình, nơi nổi tiếng với Vườn quốc gia Phong Nha - Kẻ Bàng được UNESCO công nhận là Di sản thiên nhiên thế giới, trên đường đi đoàn vào thăm Thánh Địa La Vang - Tiểu vương cung thánh đường.<br><br>\r\n\r\n<b>Vườn quốc gia Phong Nha - Kẻ Bàng</b><br>\r\n\r\n<b>Trưa</b>: Dùng bữa trưa tại nhà hàng.<br>\r\nXuôi thuyền theo dòng sông Son vào thăm Động Phong Nha - Động nước lớn nhất thế giới được Unesco công nhận di sản thiên nhiên thế giới với Hang Bi Ký, Động Tiên…<br>\r\nĐoàn khởi hành trở về Huế, Quý khách có dịp ngắm nhìn Vĩ Tuyến 17 với cầu Hiền Lương và dòng sông Bến Hải.<br><br>\r\n\r\n<b>Vĩ Tuyến 17 với cầu Hiền Lương</b><br>\r\n\r\n<b>Tối</b>: Dùng cơm tối tại nhà hàng. Nghỉ đêm tại Huế.\r\n', '<b>NGÀY 3 | BÁN ĐẢO SƠN TRÀ – ĐÀ NẴNG (Ăn sáng, trưa, chiều)</b><br>\r\n\r\n<b>Sáng</b>: Dùng buffet sáng tại khách sạn.<br>\r\n\r\nĐoàn khởi hành trở về Đà Nẵng.<br>\r\nTham quan một vòng bán đảo Sơn Trà… viếng Linh Ứng Tự và thưởng ngoạn vẻ đẹp của biển Mỹ Khê (được đánh giá là một trong những bãi biển quyến rũ nhất hành tinh).<br><br>\r\n\r\n<b>Bán đảo Sơn Trà</b><br>\r\n\r\n<b>Trưa</b>: Dùng bữa trưa tại nhà hàng.<br>\r\nQuý khách tự do tắm bãi biển Phạm Văn Đồng với bãi cát trắng mịn trải dài, thu hút rất nhiều khách du lịch trong và ngoài nước, hoặc nhận phòng nghỉ ngơi.<br>\r\n\r\n<b>Chiều</b>: Dùng cơm chiều tại nhà hàng. Nghỉ đêm tại Đà Nẵng.<br>\r\n\r\n<b>Tối</b>: Quý khách tự do tham quan thành phố Đà Nẵng về đêm.\r\n', '<b>NGÀY 4 | NGŨ HÀNH SƠN – HỘI AN (Ăn sáng, trưa, chiều)</b><br>\r\n\r\n<b>Sáng</b>: Dùng buffet sáng tại khách sạn.<br>\r\n\r\nTham quan Ngũ Hành Sơn – đỉnh Kim Sơn, với dáng núi trông như một quả chuông úp sấp. Đoàn ghé thăm Chùa Quan Thế Âm, động Quan Âm, Bảo tàng văn hóa Phật Giáo… ghé thăm và mua sắm quà lưu niệm tại làng nghề điêu khắc đá Non Nước.<br><br>\r\n\r\n<b>Ngũ Hành Sơn</b><br>\r\n\r\n<b>Trưa</b>: Dùng bữa trưa tại nhà hàng.<br>\r\nTham quan Phố Cổ Hội An - di sản văn hoá thế giới với Chùa Cầu Nhật Bản, Hội Quán Phúc Kiến, Nhà Cổ Phùng Hưng…<br>\r\n\r\n<b>Phố cổ Hội An</b><br>\r\n\r\n<b>Chiều</b>: Dùng cơm chiều tại nhà hàng. Nghỉ đêm tại Đà Nẵng.\r\n', 1),
(2, '<b>NGÀY 1 | TP.HCM – PHAN THIẾT – NHA TRANG (Ăn sáng, trưa, chiều)</b><br>\r\n\r\n<b>Sáng</b>: Xe và Hướng Dẫn Viên Du Lịch Việt đón Quý khách tại điểm hẹn.<br>\r\n- 5h30 Sáng tại Công Ty Du Lịch Việt – Số 217 Bis Nguyễn Thị Minh Khai, Quận 1.<br>\r\n- 6h00 : Nhà Văn Hóa Thanh Niên – Số 4 Phạm Ngọc Thạch, Quận 1.<br>\r\n- 7h00 Ngã 4 Thủ Đức – Xa Lộ Hà Nội, TP Hồ Chí Minh (không có điểm gửi xe máy).<br>\r\n– Ngã 4 Amata – Biên Hòa, Đồng Nai.<br>\r\nKhởi hành đi Nha Trang. Dùng bữa sáng tại ngã ba Dầu Giây.<br>\r\nĐoàn tiếp tục lộ trình đến Phan Thiết.<br>\r\nHành trình trên quốc lộ 1A, khi đến đoạn giáp ranh Bình Thuận - Ninh Thuận, Quý khách chiêm ngưỡng cảnh đẹp mê hồn của biển Cà Nà với làn nước trong xanh, những bãi cát trải dài quanh co uốn lượn.<br><br>\r\n\r\n<b>Trưa</b>: Dùng cơm trưa.<br>\r\nĐoàn đến Nha Trang tham quan.<br>\r\n<b>Chùa Long Sơn</b>: ngôi chùa nổi tiếng nhất Nha Trang. Đỉnh đồi là bức tượng Kim Thân Phật tổ (còn gọi là tượng Phật trắng) ngồi thuyết pháp, tượng cao 21m, đài sen làm đế cao 7m.<br><br>\r\n\r\n<b>Chùa Long Sơn</b><br>\r\n<b>Chùa Long Sơn</b><br><br>\r\n\r\n<b>Nhà thờ đá</b> (Nhà thờ Chánh tòa Kitô Vua) với nét kiến trúc độc đáo mang đậm phong cách Pháp.<br>\r\n<b>Nhà Thờ Đá</b><br>\r\n<b>Nhà Thờ Đá</b><br><br>\r\n\r\n<b>Chiều</b>: nhận phòng. Dùng cơm chiều với món đặc sản nem Nha Trang.<br>\r\n<b>Tối</b>: Tự do dạo biển, nghỉ đêm khách sạn tại Nha Trang.\r\n', '<b>NGÀY 2 | NHA TRANG – VINWONDERS/ BÙN KHOÁNG NÓNG (Ăn sáng, trưa) (Ăn tối tự túc)</b><br>\r\n\r\n<b>Sáng</b>: Dùng bữa sáng.<br><br>\r\n\r\n<b>Tháp Bà Ponagar</b>: một công trình có quy mô lớn nhất và có vai trò quan trọng trong lịch sử nghệ thuật kiến trúc tôn giáo Chăm.<br><br>\r\n\r\n<b>Tháp Bà Ponagar</b><br>\r\n<b>Tháp Bà Ponagar</b><br><br>\r\n\r\nĐoàn tham quan Mô hình nuôi chim yến, Quý khách sẽ được tận mắt chứng kiến quy trình nuôi, thu hoạch và chế biến tổ yến. Quý khách sẽ thưởng thức trà yến miễn phí.<br><br>\r\n\r\n<b>Trưa</b>: Dùng cơm trưa.<br>\r\nQuý khách có thể tự do chọn một trong hai lựa chọn sau:<br><br>\r\n\r\n<b>Lựa chọn 1</b>: KDL Suối Khoáng Nha Trang I.resort – Massage cơ thể với hệ thống thủy lưc zaccuzi, ngâm mình trong Hồ Khoáng Nóng, Tắm Bùn… (chi phí tự túc).<br><br>\r\n\r\n<b>Lựa chọn 2</b>: Quý khách khởi hành tham quan Vinpearl Harbour, tại đây du khách có thể tham gia vào những sự kiện, lễ hội Quốc tế bùng nổ suốt ngày đêm với sự xuất hiện của nhiều siêu sao thế giới và Việt Nam.<br>\r\nDu khách đồng thời có thể trải nghiệm mua sắm 24h tại BẾN CẢNG MUA SẮM và BẾN CẢNG ẨM THỰC của đa quốc gia. (chi phí tự túc).<br><br>\r\n\r\n<b>Lựa chọn 3</b>: Quý khách khởi hành tham quan Vinwonders (chi phí tự túc).<br>\r\nTrò chơi ngoài trời: đu quay cảm giác mạnh, đu quay dây văng, đu quay thú nhún, đu quay con voi, tàu lượn siêu tốc, đu quay vòng xoay, xe đạp bay, tàu hải tặc, thành phố vui nhộn, thú nhún, xiếc thú (3 xuất/ngày).<br>\r\nTrò chơi trong nhà: phim bốn chiều, xe đụng, vườn cổ tích, thiên đường trẻ em, siêu thị game, phòng karaoke…<br>\r\nKhu thuỷ cung Vinpearlland với diện tích trên 3,400m2, là đại dương thu nhỏ với hơn 300 loài cá đẹp, quý hiếm và lạ mắt.<br><br>\r\n\r\n<b>Khu thuỷ cung Vinpearlland</b><br>\r\n<b>Khu thuỷ cung Vinpearlland</b><br><br>\r\n\r\nKhu công viên nước với các trò chơi cảm giác mạnh: khu trò chơi mạo hiểm, khu trò chơi dành cho trẻ em, hồ tạo sóng, dòng sông lười, khu trò chơi gia đình mạo hiểm…<br><br>\r\n\r\n<b>Tối</b>: Quý khách TỰ TÚC ĂN TỐI.<br>\r\nNghỉ đêm tại Nha Trang. Quý khách tự do dạo phố, chợ đêm hoặc thưởng thức Hải sản tại Khu Tháp Bà (chi phí tự túc).\r\n', '<b>NGÀY 3 | NHA TRANG – NINH CHỮ – TP.HCM (Ăn sáng, trưa)</b><br>\r\n\r\n<b>Sáng</b>: Dùng bữa sáng.<br>\r\nĐoàn làm thủ tục trả phòng khởi hành về Ninh Chữ.<br>\r\nĐoàn đến Đồng Cừu dạo bước đến đồng cừu bạn sẽ có cảm giác như lạc vào nông trại cừu cổ tích ở Châu Âu. Không gian đồng cừu trải rộng mênh mông, bạt ngàn với màu xanh tươi mới của cỏ cây và trên nền xanh ấy điểm xuyến nhiều chấm trắng nhỏ xinh của những chú cừu thân thiện.<br>\r\nQuý khách tham quan Vườn Nho tại Phan Rang. Đoàn thoải mái chụp ảnh và check – in tại vườn nho. Trải nghiệm hái nho tại vườn chọn những quả nho ngon về làm quà cho người thân, quý khách tự do mua sắm đặc sản tại Phan Rang.<br>\r\n\r\n<b>Vườn Nho tại Phan Rang</b><br>\r\n<b>Vườn Nho tại Phan Rang</b><br><br>\r\n\r\n<b>Trưa</b>: Dùng cơm trưa.<br>\r\nĐoàn khởi hành về Sài Gòn.<br>\r\nVề đến TP.HCM – Chia tay và hẹn gặp lại Quý khách.\r\n', NULL, 2),
(3, '<b>NGÀY 1 | TP.HCM – HÀ NỘI – HÒA BÌNH – MAI CHÂU – MỘC CHÂU (Ăn trưa, chiều)</b><br>\r\n\r\n<b>Sáng</b>: Quý khách có mặt tại ga quốc nội, sân bay Tân Sơn Nhất trước giờ bay ít nhất ba tiếng. Đại diện công ty Du Lịch Việt đón và hỗ trợ Quý khách làm thủ tục đón chuyến bay đi Hà Nội.<br>\r\nĐến sân bay Nội Bài, xe đón Đoàn khởi hành đến Mai Châu.<br>\r\n\r\n<b>Sân bay Nội Bài</b><br>\r\n<b>Sân bay Nội Bài</b><br><br>\r\n\r\nTrên đường đến Hòa Bình, Quý khách có dịp ngắm nhìn Nhà máy thủy điện sông Đà (còn gọi là thủy điện Hòa Bình).<br>\r\n\r\n<b>Nhà máy thuỷ điện sông Đà</b><br>\r\n<b>Nhà máy thuỷ điện sông Đà</b><br><br>\r\n\r\nChiêm ngưỡng toàn cảnh tuyệt đẹp của thung lũng Mai Châu trên đoạn đường đèo Thung Khe.<br>\r\n<b>Trưa</b>: Dùng cơm trưa.<br>\r\nĐoàn tiếp tục khởi hành đến Mai Châu, tham quan Bản Lác tìm hiểu phong tục tập quán của bản làng người Thái, nơi in đậm bản sắc văn hóa người Thái.<br>\r\n\r\n<b>Tham quan Bản Lác</b><br>\r\n<b>Tham quan Bản Lác</b><br><br>\r\n\r\nRời Mai Châu, Đoàn khởi hành đến Cao Nguyên Mộc Châu nổi tiếng với những đồi chè xanh mướt trải dài đến tận bên kia quả đồi.<br>\r\n<b>Tối</b>: Dùng cơm chiều. Nghỉ đêm Mộc Châu.\r\n', '<b>NGÀY 2 | MỘC CHÂU - CẦU KÍNH BẠCH LONG – SƠN LA (Ăn sáng, trưa, chiều)</b><br>\r\n\r\n<b>Sáng</b>: Dùng bữa sáng.<br>\r\nĐoàn khởi hành tham quan Cầu Kính Bạch Long. Cầu kính Bạch Long là cầu kính mới nhất của Việt Nam. Cây cầu nằm trong quần thể du lịch Mộc Châu Island – Tổ hợp giải trí và nghỉ dưỡng hàng đầu khu vực vùng núi Tây Bắc. Cầu kính Bạch Long có tổng chiều dài 632m, (Chi phí tự túc).<br>\r\n\r\n<b>Cầu Kính Bạch Long</b><br>\r\n<b>Cầu Kính Bạch Long</b><br><br>\r\n\r\nTham quan thác Dải Yếm có chiều cao khoảng trên dưới 100m, với một màn nước trắng xóa, vừa hùng vĩ vừa thơ mộng, nhìn từ xa thác như một “dải yếm” hững hợ nối giữa trời và đất.<br>\r\nĐoàn tiếp tục khởi hành đi Sơn La.<br>\r\n\r\n<b>Trưa</b>: Dùng cơm trưa.<br>\r\nTham quan nhà tù Sơn La - nơi Pháp giam cầm các nhà cách mạng Việt Nam, cây đào Tô Hiệu.<br>\r\n\r\n<b>Tối</b>: Dùng cơm chiều.<br>\r\nNghỉ đêm tại Sơn La.\r\n', '<b>NGÀY 3 | SƠN LA - ĐIỆN BIÊN (Ăn sáng, trưa, chiều)</b><br>\r\n\r\n<b>Sáng</b>: Dùng bữa sáng.<br>\r\n\r\nĐoàn khởi hành đi Điện Biên, dừng chân tại Đèo Pha Đin chụp hình, ngắm các bản làng vùng cao từ trên đèo.<br>\r\n\r\n<b>Đèo Pha Đin</b><br>\r\n<b>Đèo Pha Đin</b><br><br>\r\n\r\n<b>Trưa</b>: Dùng cơm trưa.<br>\r\nĐoàn tham quan Điện Biên Phủ oai hùng, vang danh lịch sử với: đồi A1, tượng đài chiến thắng Điện Biên Phủ, nghĩa trang liệt sĩ Điện Biên, hầm chỉ huy quân đội Pháp-tướng Đờ Cát (De Castries).<br>\r\n\r\n<b>Đồi A1</b><br>\r\n<b>Đồi A1</b><br><br>\r\n\r\n<b>Tối</b>: Đoàn dùng bữa tối.<br>\r\nNghỉ đêm tại Điện Biên.\r\n', '<b>NGÀY 4 | ĐIỆN BIÊN - SAPA – BẢN CÁT CÁT (Ăn sáng, trưa, chiều)</b><br>\r\n\r\n<b>Sáng</b>: Dùng bữa sáng.<br>\r\nĐoàn khởi hành đi Sapa, trên đường đi qua Phong Thổ.<br>\r\nĐoàn vượt đèo Ô Quy Hồ (đèo Hoàng Liên Sơn) một trong những đèo quanh co, hiểm trở, hùng vĩ bậc nhất miền núi phía Bắc.<br>\r\n\r\n<b>Đèo Ô Quy Hồ</b><br>\r\n<b>Đèo Ô Quy Hồ</b><br><br>\r\n\r\n<b>Trưa</b>: Dùng cơm trưa.<br>\r\nThăm bản Cát Cát, tìm hiểu nghề dệt nhuộm của dân tộc H’Mông và trạm thủy điện Cát Cát thời Pháp – nơi có 3 dòng nước hợp nhau thành dòng suối Mường Hoa.<br>\r\n\r\n<b>Bản Cát Cát</b><br>\r\n<b>Bản Cát Cát</b><br><br>\r\n\r\n<b>Tối</b>: Dùng cơm tối. Nghỉ đêm tại Sapa.\r\n', 3),
(4, '<b>NGÀY 1 | TP.HCM – NGŨ HÀNH SƠN – HỘI AN (Ăn sáng, trưa, chiều)</b><br>\r\n\r\n<b>Sáng</b>: Quý khách có mặt tại ga quốc nội, sân bay Tân Sơn Nhất trước giờ bay ít nhất hai tiếng. <br>\r\nĐại diện công ty Du Lịch Việt đón và hỗ trợ Quý Khách làm thủ tục đón chuyến bay đi Đà Nẵng. <br>\r\nĐến sân bay Đà Nẵng, Hướng dẫn viên đón đoàn khởi hành tham quan Ngũ Hành Sơn - đỉnh Kim Sơn, với dáng núi trông như một quả chuông úp sấp. Đoàn ghé thăm Chùa Quan Thế Âm, động Quan Âm, Bảo tàng văn hóa Phật Giáo… ghé thăm và mua sắm quà lưu niệm tại làng nghề điêu khắc đá Non Nước. <br>\r\n\r\n<b>Làng nghề điêu khắc đá Non Nước</b><br>\r\n<b>Làng nghề điêu khắc đá Non Nước</b><br><br>\r\n\r\n<b>Trưa</b>: Dùng bữa trưa tại nhà hàng.<br>\r\nTham quan Phố Cổ Hội An - di sản văn hoá thế giới với Chùa Cầu Nhật Bản, Hội Quán Phúc Kiến, Nhà Cổ Phùng Hưng …<br>\r\n\r\n<b>Phố Cổ Hội An</b><br>\r\n<b>Phố Cổ Hội An</b><br><br>\r\n\r\n<b>Chiều</b>: Dùng cơm chiều tại nhà hàng.<br>\r\nTrải nghiệm Show diễn “Ký Ức Hội An”, chương trình văn hóa nghệ thuật ngoài trời độc đáo, với sự tổng hòa tinh tế của âm nhạc, thơ ca, ánh sáng, nghệ thuật trình diễn 3D, tạo hình, múa… Vở diễn là câu chuyện tái hiện lại những nét văn hóa đặc trưng của Hội An 400 năm lịch sử với cuộc sống thôn quê bình dị, tới những nét hoàng kim của một thương cảng sầm uất một thời. (chi phí tự túc).<br>\r\n\r\n<b>Ký Ức Hội An</b><br>\r\n<b>Ký Ức Hội An</b><br><br>\r\n\r\nĐoàn trở về, nghỉ đêm tại Đà Nẵng.\r\n', '<b>NGÀY 2 | ĐÀ NẴNG – BÀ NÀ (Ăn tối) (Ăn trưa tự túc)</b><br>\r\n\r\n<b>Sáng</b>: Quý khách dùng bữa sáng tại khách sạn<br>\r\nĐoàn tham khởi hành đến với cao nguyên Bà Nà nơi có khí hậu Châu Âu độc đáo và nổi tiếng với tuyến cáp treo kỷ lục mới của thế giới - Ngắm toàn cảnh thành phố Đà Nẵng từ trên cáp treo (chi phí cáp treo tự túc).<br>\r\n\r\n<b>Cao nguyên Bà Nà</b><br>\r\n<b>Cao nguyên Bà Nà</b><br><br>\r\n\r\nQuý khách tự do tham quan, vui chơi giải trí tại Bà Nà với Công Viên Fantasy, Rạp chiếu phim 3D Mega 360 độ với công nghệ hiện đại nhất và duy nhất có ở Việt Nam, Hai rạp chiếu phim 4D và 5Di, Xe Trượt Ống, Hầm rượu, Vườn hoa tình yêu, Bảo Tàng Sáp, chụp hình tại Cầu Vàng điểm tham quan mới siêu hot tại Bà Nà.<br>\r\n\r\n<b>Công Viên Fantasy</b><br>\r\n<b>Công Viên Fantasy</b><br><br>\r\n\r\n<b>Trưa</b>: Quý khách vui lòng tự túc bữa ăn trưa.<br>\r\nDu khách có thể tìm thấy những biểu tượng mang tính tâm linh như chùa chiền, đền đài hay tượng các đức Phật. Chắc hẳn sẽ là điểm dừng chân cho những ai mong cầu bình an và sức khỏe cho gia đình: Chùa Linh Ứng, Đền Lĩnh Chúa Linh Từ, Tháp Linh Phong Tự, Tượng Thích Ca Mâu Ni, Lầu Chuông, Nhà Bia, Miếu Bà, Trú Vũ Trà Quán.<br>\r\n\r\n<b>Chiều</b>: Dùng cơm chiều tại nhà hàng. Nghỉ đêm tại Đà Nẵng.<br>\r\n<b>Tối</b>: Qúy khách tự do tham quan khám phá thành phố Đà Nẵng về đêm như cầu Sông Hàn, Cầu Rồng.\r\n', '<b>NGÀY 3 | ĐÀ NẴNG – HUẾ - TP.HCM (Ăn sáng, trưa)</b><br>\r\n\r\n<b>Sáng</b>: Dùng buffet sáng tại khách sạn.<br>\r\nTham quan một vòng bán đảo Sơn Trà…viếng Linh Ứng Tự và thưởng ngoạn vẻ đẹp của biển Mỹ Khê (được đánh giá là một trong những bãi biển quyến rũ nhất hành tinh).<br>\r\n<b>Bán đảo Sơn Trà</b><br>\r\n<b>Bán đảo Sơn Trà</b><br><br>\r\n\r\nĐoàn khởi hành đến Huế qua đường hầm Hải Vân-hầm đường bộ dài nhất Đông Nam Á.<br>\r\n\r\n<b>Trưa</b>: Dùng cơm trưa.<br>\r\nTham quan Huế với Đại Nội – Hoàng Thành của 13 vị vua triều Nguyễn, nơi có hơn 100 công trình kiến trúc đẹp: Ngọ Môn, Điện Thái Hòa, Tử Cấm Thành, Thế Miếu, Hiển Lâm Các, Cửu Đỉnh,…<br>\r\n\r\n<b>Đại Nội Huế</b><br>\r\n<b>Đại Nội Huế</b><br><br>\r\n\r\nTham quan chùa Thiên Mụ – ngôi chùa cổ nhất Cố đô Huế. Điểm đến này không chỉ thu hút du khách đến để ngắm cảnh đẹp mà còn là nơi linh thiêng để tham quan, tìm hiểu về lịch sử, văn hóa và tâm linh của người dân Việt Nam.<br>\r\n\r\nHướng dẫn viên tiễn đoàn ra sân bay Huế đón chuyến bay về TP.HCM.<br>\r\nKết thúc chương trình tham quan, chia tay và hẹn gặp lại Quý khách.<br>\r\nGiờ bay có thể thay đổi theo quy định của hàng không. Du Lịch Việt sẽ thay đổi chương trình cho phù hợp với giờ bay mới nhưng sẽ không chịu trách nhiệm về các khoản chi phí phát sinh.\r\n', NULL, 4);

INSERT INTO `tour_gallery` (`tour_gallaryCode`, `tourCode`, `gallery1`, `gallery2`, `gallery3`) VALUES
(1, 1, '../../asset/images/gallery/danang_1.jpg', '../../asset/images/gallery/danang_2.jpg', '../../asset/images/gallery/danang_3.jpg'),
(2, 2, '../../asset/images/gallery/nhatrang_1.jpg', '../../asset/images/gallery/nhatrang_2.jpg', '../../asset/images/gallery/nhatrang_3.jpg'),
(3, 3, '../../asset/images/gallery/07e808379b0690c8f6796f9bf7bb1b5f.webp', '../../asset/images/gallery/ha-noi-sa-pa-h3.jpg.webp', '../../asset/images/gallery/ha-noi-sa-pa-h6.jpg.webp'),
(4, 4, '../../asset/images/gallery/c74418ce97fe373f1ceead18b50d75ec.webp', '../../asset/images/gallery/du-lich-Phu-Quoc-02-5022-1649405369.jpg', '../../asset/images/gallery/ngambinhminhcondao2.jpg');
